# The Castle household before and after George William's death, from the censuses themselves.
# Pulled 17 September 2026 from Findmypast. Two households, ten years and one widowhood apart.
source	reference	address	date	name	relationship	age_as_transcribed	birthplace	occupation	note
1911 census	RG14 piece 7572, schedule 173, RG78/371, RD136 SD1 ED3	The Church Yard, St Mary's Cottages, Baldock, Hertfordshire	2 April 1911	George Castle	Head				the George William Castle who died in 1916
1911 census	RG14 piece 7572, schedule 173	The Church Yard, St Mary's Cottages, Baldock	2 April 1911	Caroline Castle	Wife	48	Herts Weston		MARRIED 28 YEARS. TOTAL CHILDREN BORN 9, STILL LIVING 8, DIED 1.
1911 census	RG14 piece 7572, schedule 173	The Church Yard, St Mary's Cottages, Baldock	2 April 1911	Hilda Castle	Daughter				Florence Margarite Hilda, b.1901, going by her third name
1911 census	RG14 piece 7572, schedule 173	The Church Yard, St Mary's Cottages, Baldock	2 April 1911	Ernest Castle	Son				Ernest Albert Cyril, b.1904
1911 census	RG14 piece 7572, schedule 173	The Church Yard, St Mary's Cottages, Baldock	2 April 1911	JOSEPH WALLIS	FATHER				CAROLINE'S OWN FATHER, IN THE HOUSE, AND SPELT WALLIS
1921 census	RG15 piece 7079, schedule 125, RD136 RS1 ED10	9 Boscombe Place, Letchworth, Hertfordshire	19 June 1921	James James	Head			
1921 census	RG15 piece 7079, schedule 125	9 Boscombe Place, Letchworth	19 June 1921	Caroline James	Wife	56 y 4 m	Herts Weston	Home Duties	THE SAME WOMAN. Married 10 months. The age puts her birthday in FEBRUARY, which is right; the year is two out.
1921 census	RG15 piece 7079, schedule 125	9 Boscombe Place, Letchworth	19 June 1921	Ernest Albert Cyril CASTLE	STEP-SON				the Ernest of 1911, and the word step-son is the proof
1921 census	RG15 piece 7079, schedule 125	9 Boscombe Place, Letchworth	19 June 1921	Florence Margarite Hilda CASTLE	STEP-SON [sic — daughter]				the Hilda of 1911, full names at last
